epoch,time,train/xy_loss,train/cls_loss,train/l1_loss,train/piou_loss,train/smooth_loss,metrics/precision(P),metrics/recall(P),metrics/mAP50(P),metrics/mAP50-95(P),metrics/precision(C),metrics/recall(C),metrics/mAP50(C),metrics/mAP50-95(C),val/xy_loss,val/cls_loss,val/l1_loss,val/piou_loss,val/smooth_loss,lr/pg0,lr/pg1,lr/pg2,lr/pg3,lr/pg4,lr/pg5,lr/pg6,lr/pg7
1,29.943,0.00103,3.09387,0.01429,0.82991,0.00045,0.0111,0.12693,0.01537,0.00676,0.00723,0.09412,0.0045,0.00884,0.00109,2.7424,0.01059,0.70765,0.00015,0.00993976,0.00331325,0.00993976,0.00331325,0.0768072,0.0701807,0.00993976,0.00331325
2,52.3997,0.00108,2.26278,0.01002,0.68834,0.00014,0.35938,0.11952,0.06693,0.03474,0.22015,0.0489,0.00766,0.01612,0.00108,2.19722,0.00982,0.68069,0.00017,0.0198411,0.00661369,0.0198411,0.00661369,0.0533752,0.0401478,0.0198411,0.00661369
3,73.3073,0.00102,1.89053,0.00907,0.64406,0.00015,0.38687,0.19435,0.11285,0.06367,0.22163,0.05218,0.00823,0.01818,0.001,1.88685,0.00828,0.60302,0.00017,0.0296434,0.00988112,0.0296434,0.00988112,0.0298442,0.0100819,0.0296434,0.00988112
4,93.5013,0.00087,1.75232,0.00741,0.55014,0.00016,0.4751,0.26408,0.21661,0.12986,0.22648,0.05124,0.01029,0.02289,0.00084,1.75607,0.00689,0.53761,0.00015,0.0295545,0.0098515,0.0295545,0.0098515,0.0295545,0.0098515,0.0295545,0.0098515
5,113.751,0.00076,1.59949,0.00646,0.49289,0.00014,0.49616,0.28654,0.23403,0.14555,0.22343,0.052,0.01066,0.02196,0.00078,1.6636,0.00657,0.50892,0.00014,0.029406,0.009802,0.029406,0.009802,0.029406,0.009802,0.029406,0.009802
6,134.005,0.00074,1.55778,0.00597,0.46766,0.00013,0.27339,0.31098,0.23654,0.15134,0.0266,0.05553,0.01053,0.02251,0.00076,1.68163,0.0059,0.47365,0.00014,0.0292575,0.0097525,0.0292575,0.0097525,0.0292575,0.0097525,0.0292575,0.0097525
7,154.578,0.00069,1.54293,0.0055,0.44871,0.00012,0.52493,0.33358,0.30473,0.19749,0.06282,0.07198,0.01174,0.02457,0.0007,1.56725,0.00542,0.44063,0.00014,0.029109,0.009703,0.029109,0.009703,0.029109,0.009703,0.029109,0.009703
8,174.765,0.00067,1.50817,0.00526,0.43387,0.00011,0.41617,0.39812,0.3467,0.22096,0.03253,0.05592,0.01107,0.02363,0.00067,1.55184,0.00532,0.44252,0.00014,0.0289605,0.0096535,0.0289605,0.0096535,0.0289605,0.0096535,0.0289605,0.0096535
9,195.006,0.00065,1.48831,0.00502,0.4207,0.00011,0.37886,0.39228,0.32769,0.21245,0.0292,0.05646,0.01094,0.02388,0.00069,1.57775,0.00531,0.4433,0.00013,0.028812,0.009604,0.028812,0.009604,0.028812,0.009604,0.028812,0.009604
10,215.222,0.00064,1.45899,0.0049,0.41208,0.0001,0.51591,0.36818,0.33117,0.21776,0.03294,0.06161,0.01027,0.02223,0.00066,1.5255,0.00494,0.42015,0.00012,0.0286635,0.0095545,0.0286635,0.0095545,0.0286635,0.0095545,0.0286635,0.0095545
11,235.554,0.00063,1.42951,0.00483,0.40744,0.0001,0.398,0.43788,0.36233,0.24032,0.03237,0.06416,0.01196,0.02595,0.00066,1.4373,0.00481,0.41066,0.00013,0.028515,0.009505,0.028515,0.009505,0.028515,0.009505,0.028515,0.009505
12,255.766,0.00061,1.4096,0.00473,0.40054,0.0001,0.41072,0.42953,0.36928,0.24422,0.02953,0.07313,0.01338,0.02766,0.00064,1.42114,0.00475,0.4079,0.00013,0.0283665,0.0094555,0.0283665,0.0094555,0.0283665,0.0094555,0.0283665,0.0094555
13,275.972,0.0006,1.38867,0.00465,0.39402,0.0001,0.54239,0.37652,0.35285,0.23617,0.03293,0.04907,0.0101,0.02083,0.00062,1.51443,0.00475,0.40019,0.00013,0.028218,0.009406,0.028218,0.009406,0.028218,0.009406,0.028218,0.009406
14,296.356,0.00058,1.37127,0.00457,0.38903,9e-05,0.43753,0.4418,0.39489,0.267,0.0348,0.07448,0.01361,0.02898,0.00061,1.39422,0.00453,0.38856,0.00013,0.0280695,0.0093565,0.0280695,0.0093565,0.0280695,0.0093565,0.0280695,0.0093565
15,316.86,0.00056,1.36282,0.00453,0.38529,9e-05,0.43849,0.48382,0.40531,0.27464,0.03563,0.07208,0.0146,0.03027,0.00058,1.35512,0.00446,0.38551,0.00013,0.027921,0.009307,0.027921,0.009307,0.027921,0.009307,0.027921,0.009307
16,337.197,0.00055,1.35002,0.00447,0.38014,9e-05,0.42082,0.46858,0.40202,0.27297,0.03317,0.06804,0.01246,0.02662,0.00057,1.35422,0.00446,0.37974,0.00014,0.0277725,0.0092575,0.0277725,0.0092575,0.0277725,0.0092575,0.0277725,0.0092575
17,357.593,0.00052,1.32519,0.00441,0.37584,9e-05,0.455,0.4573,0.41391,0.28597,0.03452,0.0786,0.01504,0.02984,0.00053,1.37592,0.00434,0.37217,0.00013,0.027624,0.009208,0.027624,0.009208,0.027624,0.009208,0.027624,0.009208
18,377.89,0.00047,1.30856,0.00434,0.37059,9e-05,0.43796,0.43888,0.37893,0.25944,0.02972,0.069,0.01211,0.02417,0.00045,1.41729,0.00432,0.36843,0.00014,0.0274755,0.0091585,0.0274755,0.0091585,0.0274755,0.0091585,0.0274755,0.0091585
19,398.232,0.00038,1.24266,0.00433,0.36886,9e-05,0.49867,0.47641,0.44289,0.30661,0.0316,0.06821,0.01402,0.02778,0.00039,1.23249,0.00431,0.36878,0.00014,0.027327,0.009109,0.027327,0.009109,0.027327,0.009109,0.027327,0.009109
20,418.551,0.00037,1.1968,0.00431,0.3686,8e-05,0.60934,0.42524,0.42083,0.2928,0.02031,0.13559,0.01219,0.02294,0.00039,1.26081,0.00425,0.36516,0.00014,0.0271785,0.0090595,0.0271785,0.0090595,0.0271785,0.0090595,0.0271785,0.0090595
21,438.896,0.00037,1.18195,0.00429,0.36654,8e-05,0.48388,0.49535,0.45325,0.31537,0.02759,0.07154,0.01359,0.02619,0.0004,1.21972,0.00422,0.36435,0.00013,0.02703,0.00901,0.02703,0.00901,0.02703,0.00901,0.02703,0.00901
22,459.07,0.00037,1.17513,0.00428,0.36496,8e-05,0.60932,0.4123,0.4269,0.30047,0.02768,0.08558,0.01049,0.02132,0.0004,1.25525,0.00426,0.36268,0.00014,0.0268815,0.0089605,0.0268815,0.0089605,0.0268815,0.0089605,0.0268815,0.0089605
23,479.482,0.00037,1.15482,0.00421,0.36052,8e-05,0.48556,0.4997,0.46175,0.32443,0.02872,0.06512,0.01456,0.02851,0.00038,1.17895,0.00423,0.36015,0.00014,0.026733,0.008911,0.026733,0.008911,0.026733,0.008911,0.026733,0.008911
24,499.603,0.00036,1.12839,0.00419,0.3596,7e-05,0.50373,0.49213,0.46811,0.32921,0.02868,0.06192,0.01358,0.02701,0.00039,1.19767,0.00414,0.35675,0.00014,0.0265845,0.0088615,0.0265845,0.0088615,0.0265845,0.0088615,0.0265845,0.0088615
25,519.929,0.00036,1.11628,0.00414,0.35543,7e-05,0.46899,0.52414,0.46334,0.32454,0.02869,0.06321,0.01354,0.02686,0.00039,1.18474,0.00412,0.35442,0.00014,0.026436,0.008812,0.026436,0.008812,0.026436,0.008812,0.026436,0.008812
26,540.083,0.00036,1.11798,0.00414,0.35543,7e-05,0.47553,0.50878,0.45628,0.3213,0.03143,0.07849,0.01372,0.02794,0.00039,1.21132,0.00413,0.35649,0.00014,0.0262875,0.0087625,0.0262875,0.0087625,0.0262875,0.0087625,0.0262875,0.0087625
27,560.418,0.00036,1.10477,0.00413,0.35464,6e-05,0.49923,0.49691,0.46937,0.33235,0.02748,0.0647,0.01412,0.02815,0.00039,1.15917,0.00408,0.35279,0.00013,0.026139,0.008713,0.026139,0.008713,0.026139,0.008713,0.026139,0.008713
28,580.713,0.00037,1.09549,0.00411,0.35338,6e-05,0.49517,0.52946,0.48912,0.34538,0.03167,0.06348,0.01375,0.02805,0.0004,1.17615,0.00411,0.35272,0.00014,0.0259905,0.0086635,0.0259905,0.0086635,0.0259905,0.0086635,0.0259905,0.0086635
29,600.98,0.00037,1.08104,0.00408,0.35144,6e-05,0.5124,0.50975,0.48484,0.3437,0.02902,0.06852,0.01382,0.02844,0.00039,1.14358,0.00403,0.34852,0.00014,0.025842,0.008614,0.025842,0.008614,0.025842,0.008614,0.025842,0.008614
30,621.196,0.00037,1.07516,0.00405,0.34894,6e-05,0.52446,0.53096,0.50365,0.35625,0.02819,0.06791,0.01453,0.02884,0.00039,1.13255,0.00402,0.34717,0.00014,0.0256935,0.0085645,0.0256935,0.0085645,0.0256935,0.0085645,0.0256935,0.0085645
31,641.467,0.00037,1.05606,0.00404,0.34833,5e-05,0.51061,0.51811,0.48516,0.34542,0.02916,0.07,0.01544,0.03111,0.00038,1.12712,0.00399,0.34546,0.00014,0.025545,0.008515,0.025545,0.008515,0.025545,0.008515,0.025545,0.008515
32,661.735,0.00036,1.05064,0.004,0.34658,5e-05,0.47847,0.53114,0.46167,0.32778,0.03246,0.06158,0.01312,0.02654,0.00038,1.2273,0.00398,0.34552,0.00014,0.0253965,0.0084655,0.0253965,0.0084655,0.0253965,0.0084655,0.0253965,0.0084655
33,682.036,0.00037,1.05416,0.00399,0.34528,5e-05,0.50058,0.52023,0.47741,0.33898,0.02643,0.06507,0.01263,0.02734,0.0004,1.19915,0.00401,0.34639,0.00014,0.025248,0.008416,0.025248,0.008416,0.025248,0.008416,0.025248,0.008416
34,702.231,0.00037,1.05083,0.004,0.3456,5e-05,0.52583,0.50659,0.48865,0.34718,0.02812,0.05982,0.01336,0.02742,0.00039,1.12885,0.00402,0.34551,0.00014,0.0250995,0.0083665,0.0250995,0.0083665,0.0250995,0.0083665,0.0250995,0.0083665
35,722.429,0.00037,1.03639,0.00398,0.34426,4e-05,0.51798,0.52617,0.49844,0.35684,0.03027,0.06395,0.01291,0.02735,0.00039,1.12306,0.00397,0.34358,0.00014,0.024951,0.008317,0.024951,0.008317,0.024951,0.008317,0.024951,0.008317
36,742.752,0.00038,1.02433,0.00396,0.34305,4e-05,0.53414,0.53922,0.5149,0.36707,0.03366,0.07319,0.01726,0.03272,0.0004,1.10298,0.0039,0.33899,0.00014,0.0248025,0.0082675,0.0248025,0.0082675,0.0248025,0.0082675,0.0248025,0.0082675
37,762.981,0.00037,1.02014,0.00394,0.34123,4e-05,0.52018,0.52746,0.49477,0.35095,0.02709,0.06096,0.01246,0.02664,0.00039,1.15092,0.004,0.3444,0.00014,0.024654,0.008218,0.024654,0.008218,0.024654,0.008218,0.024654,0.008218
38,783.146,0.00037,1.01002,0.00395,0.34187,4e-05,0.52927,0.54073,0.51108,0.36413,0.02829,0.06971,0.01531,0.03021,0.0004,1.09885,0.00393,0.34147,0.00014,0.0245055,0.0081685,0.0245055,0.0081685,0.0245055,0.0081685,0.0245055,0.0081685
39,803.454,0.00037,1.00461,0.00393,0.3408,3e-05,0.49015,0.54194,0.48565,0.34561,0.02764,0.06805,0.01307,0.02728,0.00039,1.16769,0.00393,0.33932,0.00014,0.024357,0.008119,0.024357,0.008119,0.024357,0.008119,0.024357,0.008119
40,823.583,0.00037,0.98436,0.00393,0.34039,3e-05,0.52639,0.52485,0.50201,0.36047,0.03033,0.06661,0.01519,0.03142,0.00039,1.12958,0.00391,0.34016,0.00014,0.0242085,0.0080695,0.0242085,0.0080695,0.0242085,0.0080695,0.0242085,0.0080695
41,843.898,0.00036,0.98368,0.0039,0.33791,3e-05,0.53122,0.53192,0.50654,0.3633,0.02909,0.06772,0.01398,0.02859,0.00039,1.107,0.00386,0.33723,0.00014,0.02406,0.00802,0.02406,0.00802,0.02406,0.00802,0.02406,0.00802
42,864.018,0.00037,0.97266,0.00391,0.33804,2e-05,0.53548,0.53225,0.50762,0.36093,0.03015,0.06681,0.01382,0.03,0.00039,1.14772,0.0039,0.33946,0.00014,0.0239115,0.0079705,0.0239115,0.0079705,0.0239115,0.0079705,0.0239115,0.0079705
43,884.247,0.00037,0.97078,0.00388,0.33649,2e-05,0.54827,0.53577,0.52324,0.37454,0.03033,0.08091,0.01412,0.03004,0.0004,1.08603,0.00385,0.33567,0.00014,0.023763,0.007921,0.023763,0.007921,0.023763,0.007921,0.023763,0.007921
44,904.456,0.00038,0.9557,0.00387,0.33646,2e-05,0.53263,0.53025,0.50551,0.36354,0.02909,0.06189,0.01267,0.02675,0.00041,1.11326,0.00386,0.33464,0.00014,0.0236145,0.0078715,0.0236145,0.0078715,0.0236145,0.0078715,0.0236145,0.0078715
45,924.665,0.00038,0.94815,0.00386,0.33505,2e-05,0.55752,0.53027,0.52549,0.37697,0.02909,0.07599,0.01516,0.03051,0.00039,1.08392,0.00386,0.33522,0.00014,0.023466,0.007822,0.023466,0.007822,0.023466,0.007822,0.023466,0.007822
46,944.94,0.00036,0.95107,0.00386,0.33543,1e-05,0.50866,0.56086,0.51739,0.3711,0.03328,0.07407,0.01621,0.03193,0.00038,1.09096,0.00383,0.33451,0.00014,0.0233175,0.0077725,0.0233175,0.0077725,0.0233175,0.0077725,0.0233175,0.0077725
47,965.131,0.00037,0.93945,0.00383,0.33289,1e-05,0.53952,0.5452,0.53039,0.38179,0.02981,0.09027,0.01653,0.03273,0.00039,1.06978,0.00382,0.33322,0.00014,0.023169,0.007723,0.023169,0.007723,0.023169,0.007723,0.023169,0.007723
48,985.332,0.00037,0.93429,0.00382,0.33344,1e-05,0.53793,0.54954,0.52544,0.37849,0.03052,0.07387,0.015,0.03117,0.00038,1.08122,0.0038,0.33211,0.00014,0.0230205,0.0076735,0.0230205,0.0076735,0.0230205,0.0076735,0.0230205,0.0076735
49,1005.57,0.00037,0.92962,0.00382,0.33296,1e-05,0.52692,0.54854,0.51705,0.37268,0.02969,0.0988,0.01638,0.03243,0.0004,1.09392,0.00382,0.33283,0.00014,0.022872,0.007624,0.022872,0.007624,0.022872,0.007624,0.022872,0.007624
50,1025.68,0.00036,0.91602,0.0038,0.33098,0,0.53752,0.54504,0.5207,0.37368,0.03462,0.07873,0.01772,0.03473,0.00039,1.08996,0.00381,0.33451,0.00014,0.0227235,0.0075745,0.0227235,0.0075745,0.0227235,0.0075745,0.0227235,0.0075745
51,1045.93,0.00038,0.91026,0.00378,0.33072,0,0.54528,0.55853,0.53171,0.38145,0.02882,0.07043,0.01451,0.03049,0.00039,1.07996,0.00379,0.33014,0.00014,0.022575,0.007525,0.022575,0.007525,0.022575,0.007525,0.022575,0.007525
52,1066.04,0.00037,0.90214,0.00379,0.32941,0,0.56388,0.55257,0.53831,0.38746,0.02999,0.07096,0.01445,0.03025,0.0004,1.07484,0.00381,0.33177,0.00014,0.0224265,0.0074755,0.0224265,0.0074755,0.0224265,0.0074755,0.0224265,0.0074755
53,1086.32,0.00038,0.90178,0.00378,0.32894,0,0.55463,0.54064,0.53444,0.38461,0.03039,0.07236,0.01491,0.03168,0.00039,1.08566,0.00376,0.32838,0.00014,0.022278,0.007426,0.022278,0.007426,0.022278,0.007426,0.022278,0.007426
54,1106.39,0.00038,0.89183,0.00378,0.32892,0,0.55111,0.54428,0.53771,0.38579,0.02933,0.08699,0.01469,0.03115,0.0004,1.08441,0.00379,0.32998,0.00014,0.0221295,0.0073765,0.0221295,0.0073765,0.0221295,0.0073765,0.0221295,0.0073765
55,1126.64,0.00037,0.8804,0.00376,0.32784,0,0.55254,0.54519,0.53592,0.38685,0.03037,0.06615,0.01484,0.03129,0.00039,1.0828,0.00375,0.32843,0.00014,0.021981,0.007327,0.021981,0.007327,0.021981,0.007327,0.021981,0.007327
56,1146.83,0.00038,0.87667,0.00372,0.32534,0,0.54662,0.55219,0.53174,0.38419,0.0318,0.09913,0.01609,0.03284,0.00039,1.09524,0.00375,0.32789,0.00014,0.0218325,0.0072775,0.0218325,0.0072775,0.0218325,0.0072775,0.0218325,0.0072775
57,1166.99,0.00038,0.86716,0.00373,0.32595,0,0.54362,0.56229,0.53892,0.3886,0.03345,0.0713,0.01635,0.03413,0.0004,1.06273,0.00377,0.32941,0.00014,0.021684,0.007228,0.021684,0.007228,0.021684,0.007228,0.021684,0.007228
58,1187.14,0.00038,0.85815,0.00373,0.32628,0,0.55339,0.56617,0.54776,0.39532,0.03133,0.08092,0.01547,0.0319,0.00039,1.05616,0.00375,0.32823,0.00014,0.0215355,0.0071785,0.0215355,0.0071785,0.0215355,0.0071785,0.0215355,0.0071785
59,1207.43,0.00037,0.86236,0.00373,0.32595,0,0.56421,0.56041,0.551,0.3982,0.03189,0.08197,0.01636,0.03324,0.00039,1.07005,0.00372,0.32635,0.00014,0.021387,0.007129,0.021387,0.007129,0.021387,0.007129,0.021387,0.007129
60,1227.48,0.00038,0.84298,0.00371,0.3245,0,0.55021,0.5477,0.53255,0.38507,0.03135,0.07317,0.01573,0.03284,0.00039,1.08443,0.00376,0.32945,0.00014,0.0212385,0.0070795,0.0212385,0.0070795,0.0212385,0.0070795,0.0212385,0.0070795
61,1247.6,0.00037,0.83734,0.00371,0.32444,0,0.5365,0.56935,0.53464,0.3846,0.03016,0.11325,0.01633,0.03229,0.00039,1.08919,0.00375,0.32885,0.00014,0.02109,0.00703,0.02109,0.00703,0.02109,0.00703,0.02109,0.00703
62,1267.66,0.00038,0.83646,0.00371,0.32451,0,0.56826,0.55152,0.54928,0.39704,0.03102,0.13715,0.0172,0.03424,0.0004,1.07147,0.00374,0.32681,0.00014,0.0209415,0.0069805,0.0209415,0.0069805,0.0209415,0.0069805,0.0209415,0.0069805
63,1287.85,0.00038,0.82278,0.00368,0.32234,0,0.55099,0.56278,0.53932,0.38971,0.03071,0.08874,0.01516,0.03075,0.00039,1.06897,0.00375,0.32778,0.00014,0.020793,0.006931,0.020793,0.006931,0.020793,0.006931,0.020793,0.006931
64,1307.89,0.00037,0.81599,0.00369,0.32338,0,0.56429,0.56162,0.54533,0.39188,0.02917,0.06215,0.01401,0.02962,0.00039,1.0711,0.00376,0.32836,0.00014,0.0206445,0.0068815,0.0206445,0.0068815,0.0206445,0.0068815,0.0206445,0.0068815
65,1327.9,0.00037,0.81172,0.00367,0.32198,0,0.56712,0.55796,0.55293,0.39967,0.0248,0.19394,0.01746,0.03406,0.00039,1.06884,0.00374,0.32808,0.00014,0.020496,0.006832,0.020496,0.006832,0.020496,0.006832,0.020496,0.006832
66,1348.01,0.00037,0.79853,0.00368,0.32313,0,0.56585,0.56007,0.55109,0.39736,0.03011,0.10274,0.0156,0.03271,0.00039,1.07206,0.00371,0.32616,0.00014,0.0203475,0.0067825,0.0203475,0.0067825,0.0203475,0.0067825,0.0203475,0.0067825
67,1368.09,0.00038,0.79393,0.00365,0.32066,0,0.56871,0.55759,0.55321,0.39851,0.02949,0.16532,0.01782,0.03483,0.0004,1.07189,0.00375,0.3278,0.00014,0.020199,0.006733,0.020199,0.006733,0.020199,0.006733,0.020199,0.006733
68,1388.18,0.00038,0.7872,0.00366,0.32098,0,0.57659,0.54741,0.54577,0.39252,0.0242,0.21067,0.01655,0.03299,0.0004,1.07869,0.00372,0.32613,0.00014,0.0200505,0.0066835,0.0200505,0.0066835,0.0200505,0.0066835,0.0200505,0.0066835
69,1408.34,0.00038,0.77808,0.00364,0.31975,0,0.56794,0.56152,0.55052,0.39711,0.03086,0.13088,0.0167,0.03445,0.00039,1.09008,0.00372,0.32597,0.00014,0.019902,0.006634,0.019902,0.006634,0.019902,0.006634,0.019902,0.006634
70,1428.41,0.00038,0.77309,0.00362,0.31889,0,0.56707,0.55088,0.54239,0.39092,0.02235,0.18712,0.015,0.03052,0.00041,1.0821,0.00372,0.32578,0.00014,0.0197535,0.0065845,0.0197535,0.0065845,0.0197535,0.0065845,0.0197535,0.0065845
71,1448.54,0.00039,0.76188,0.00362,0.31805,0,0.56575,0.56304,0.55641,0.40162,0.02569,0.17536,0.01639,0.0323,0.00041,1.09123,0.00371,0.32529,0.00014,0.019605,0.006535,0.019605,0.006535,0.019605,0.006535,0.019605,0.006535
72,1468.56,0.00039,0.75928,0.00361,0.31737,0,0.57289,0.55948,0.55616,0.40018,0.02525,0.19403,0.01746,0.03415,0.0004,1.11371,0.00369,0.32451,0.00014,0.0194565,0.0064855,0.0194565,0.0064855,0.0194565,0.0064855,0.0194565,0.0064855
73,1488.65,0.00038,0.74764,0.00361,0.31693,0,0.57013,0.56381,0.56211,0.40636,0.02356,0.20039,0.01621,0.03393,0.0004,1.08937,0.0037,0.32367,0.00014,0.019308,0.006436,0.019308,0.006436,0.019308,0.006436,0.019308,0.006436
74,1508.66,0.00038,0.74145,0.0036,0.31675,0,0.57279,0.56962,0.56309,0.40557,0.02328,0.19771,0.01705,0.03419,0.00039,1.08966,0.00371,0.32504,0.00014,0.0191595,0.0063865,0.0191595,0.0063865,0.0191595,0.0063865,0.0191595,0.0063865
75,1528.69,0.00038,0.73101,0.00359,0.31593,0,0.57225,0.55805,0.55548,0.4015,0.02537,0.20462,0.01733,0.03437,0.00039,1.11124,0.00369,0.32298,0.00014,0.019011,0.006337,0.019011,0.006337,0.019011,0.006337,0.019011,0.006337
76,1548.63,0.00038,0.7288,0.00358,0.31503,0,0.55364,0.56,0.54301,0.39279,0.02578,0.19817,0.01735,0.03391,0.00039,1.12252,0.0037,0.32413,0.00014,0.0188625,0.0062875,0.0188625,0.0062875,0.0188625,0.0062875,0.0188625,0.0062875
77,1568.62,0.00038,0.71632,0.00357,0.31436,0,0.57439,0.55592,0.55687,0.40219,0.02687,0.20284,0.01802,0.03526,0.0004,1.11993,0.00371,0.32368,0.00014,0.018714,0.006238,0.018714,0.006238,0.018714,0.006238,0.018714,0.006238
78,1588.59,0.00038,0.70884,0.00357,0.31372,0,0.56757,0.55384,0.55093,0.39798,0.02507,0.19692,0.01734,0.03401,0.00039,1.12727,0.00371,0.32463,0.00014,0.0185655,0.0061885,0.0185655,0.0061885,0.0185655,0.0061885,0.0185655,0.0061885
79,1608.7,0.00037,0.70808,0.00357,0.31369,0,0.55351,0.57329,0.54801,0.39527,0.02388,0.19412,0.01624,0.03323,0.00039,1.11823,0.00369,0.32302,0.00014,0.018417,0.006139,0.018417,0.006139,0.018417,0.006139,0.018417,0.006139
80,1628.64,0.00038,0.69502,0.00355,0.31285,0,0.57443,0.55746,0.55482,0.40114,0.02529,0.19024,0.01684,0.03317,0.0004,1.11362,0.0037,0.32342,0.00014,0.0182685,0.0060895,0.0182685,0.0060895,0.0182685,0.0060895,0.0182685,0.0060895
81,1648.59,0.00038,0.6887,0.00354,0.31168,0,0.57089,0.5524,0.55129,0.39902,0.02663,0.20602,0.01829,0.03633,0.00039,1.13961,0.00369,0.32298,0.00014,0.01812,0.00604,0.01812,0.00604,0.01812,0.00604,0.01812,0.00604
82,1668.62,0.00038,0.6824,0.00355,0.31231,0,0.58085,0.55172,0.55545,0.40061,0.02608,0.1954,0.01724,0.03465,0.00038,1.14419,0.00368,0.32289,0.00014,0.0179715,0.0059905,0.0179715,0.0059905,0.0179715,0.0059905,0.0179715,0.0059905
83,1688.59,0.00037,0.67479,0.00353,0.31074,0,0.57223,0.55923,0.55499,0.40123,0.02478,0.18442,0.01626,0.03321,0.00039,1.14392,0.00368,0.32263,0.00014,0.017823,0.005941,0.017823,0.005941,0.017823,0.005941,0.017823,0.005941
84,1708.53,0.00038,0.66664,0.00352,0.31039,0,0.56808,0.55987,0.55182,0.39741,0.0271,0.1986,0.01804,0.03518,0.0004,1.16811,0.0037,0.32396,0.00014,0.0176745,0.0058915,0.0176745,0.0058915,0.0176745,0.0058915,0.0176745,0.0058915
85,1728.33,0.00039,0.66802,0.00351,0.31045,0,0.56872,0.56034,0.55729,0.40109,0.0266,0.18456,0.0175,0.03573,0.0004,1.16013,0.00368,0.32249,0.00014,0.017526,0.005842,0.017526,0.005842,0.017526,0.005842,0.017526,0.005842
86,1748.22,0.00039,0.65808,0.00351,0.30999,0,0.56964,0.56228,0.55253,0.39884,0.02681,0.20403,0.01806,0.03628,0.0004,1.15449,0.00368,0.32228,0.00014,0.0173775,0.0057925,0.0173775,0.0057925,0.0173775,0.0057925,0.0173775,0.0057925
87,1768.19,0.00039,0.65396,0.00349,0.30802,0,0.56994,0.56344,0.55543,0.40033,0.02674,0.2036,0.01812,0.03614,0.00041,1.16051,0.00367,0.32292,0.00014,0.017229,0.005743,0.017229,0.005743,0.017229,0.005743,0.017229,0.005743
88,1788.01,0.00038,0.64552,0.00348,0.30805,0,0.57859,0.55496,0.55326,0.39913,0.02535,0.17567,0.01667,0.03446,0.00039,1.18574,0.0037,0.32357,0.00014,0.0170805,0.0056935,0.0170805,0.0056935,0.0170805,0.0056935,0.0170805,0.0056935
89,1807.93,0.00038,0.63154,0.00348,0.30704,0,0.57003,0.56578,0.55445,0.39948,0.0263,0.18491,0.01736,0.03551,0.00039,1.20138,0.00368,0.32261,0.00014,0.016932,0.005644,0.016932,0.005644,0.016932,0.005644,0.016932,0.005644
90,1827.88,0.00037,0.62988,0.00347,0.30723,0,0.57125,0.57105,0.55927,0.40147,0.02749,0.20525,0.0185,0.03628,0.00039,1.201,0.00368,0.32353,0.00014,0.0167835,0.0055945,0.0167835,0.0055945,0.0167835,0.0055945,0.0167835,0.0055945
91,1847.79,0.00038,0.62108,0.00347,0.30682,0,0.57005,0.56188,0.55222,0.39739,0.02768,0.18828,0.01809,0.03617,0.00039,1.20445,0.0037,0.32352,0.00014,0.016635,0.005545,0.016635,0.005545,0.016635,0.005545,0.016635,0.005545
92,1867.63,0.00038,0.61887,0.00345,0.30536,0,0.56994,0.56717,0.5594,0.4021,0.02907,0.20209,0.01911,0.0379,0.0004,1.20712,0.00368,0.32332,0.00014,0.0164865,0.0054955,0.0164865,0.0054955,0.0164865,0.0054955,0.0164865,0.0054955
93,1887.53,0.00037,0.61516,0.00344,0.30503,0,0.57705,0.55378,0.55075,0.39635,0.02763,0.20059,0.01788,0.03598,0.00038,1.21075,0.00369,0.32301,0.00014,0.016338,0.005446,0.016338,0.005446,0.016338,0.005446,0.016338,0.005446
94,1907.31,0.00037,0.61286,0.00345,0.30567,0,0.55985,0.57149,0.55662,0.40124,0.02587,0.16492,0.01664,0.03566,0.00038,1.21723,0.0037,0.3241,0.00014,0.0161895,0.0053965,0.0161895,0.0053965,0.0161895,0.0053965,0.0161895,0.0053965
95,1927.18,0.00036,0.60513,0.00342,0.30355,0,0.57944,0.5532,0.5505,0.39757,0.02782,0.19199,0.0181,0.03735,0.00038,1.21433,0.0037,0.32387,0.00014,0.016041,0.005347,0.016041,0.005347,0.016041,0.005347,0.016041,0.005347
96,1947.13,0.00036,0.59902,0.00344,0.30375,0,0.57737,0.55571,0.55293,0.39914,0.02937,0.19762,0.01913,0.038,0.00038,1.21183,0.0037,0.3237,0.00014,0.0158925,0.0052975,0.0158925,0.0052975,0.0158925,0.0052975,0.0158925,0.0052975
97,1967,0.00035,0.5903,0.0034,0.30229,0,0.57905,0.56087,0.56094,0.40403,0.02932,0.19572,0.01915,0.03856,0.00037,1.22676,0.00369,0.32293,0.00014,0.015744,0.005248,0.015744,0.005248,0.015744,0.005248,0.015744,0.005248
98,1986.84,0.00035,0.58643,0.00341,0.30262,0,0.5727,0.55648,0.55401,0.39957,0.02902,0.18617,0.01883,0.03783,0.00037,1.24029,0.0037,0.32426,0.00014,0.0155955,0.0051985,0.0155955,0.0051985,0.0155955,0.0051985,0.0155955,0.0051985
99,2006.77,0.00036,0.58285,0.00339,0.30127,0,0.57914,0.55652,0.55551,0.40024,0.02803,0.19024,0.01838,0.03787,0.00038,1.23414,0.00369,0.32304,0.00014,0.015447,0.005149,0.015447,0.005149,0.015447,0.005149,0.015447,0.005149
100,2026.56,0.00036,0.57377,0.0034,0.30198,0,0.56967,0.56286,0.5542,0.39897,0.02825,0.18392,0.01826,0.03753,0.00038,1.26041,0.0037,0.32415,0.00014,0.0152985,0.0050995,0.0152985,0.0050995,0.0152985,0.0050995,0.0152985,0.0050995
101,2046.43,0.00036,0.56953,0.00338,0.30017,0,0.5616,0.56981,0.55609,0.39969,0.02838,0.18917,0.0185,0.03721,0.00038,1.26069,0.00371,0.32396,0.00014,0.01515,0.00505,0.01515,0.00505,0.01515,0.00505,0.01515,0.00505
102,2066.29,0.00036,0.56542,0.00337,0.29939,0,0.58219,0.55498,0.55606,0.40058,0.02869,0.19197,0.01888,0.03892,0.00038,1.26055,0.0037,0.32341,0.00014,0.0150015,0.0050005,0.0150015,0.0050005,0.0150015,0.0050005,0.0150015,0.0050005
103,2086.07,0.00036,0.55175,0.00336,0.29861,0,0.59452,0.55104,0.5578,0.40182,0.03,0.18691,0.01947,0.03913,0.00038,1.26222,0.0037,0.32356,0.00014,0.014853,0.004951,0.014853,0.004951,0.014853,0.004951,0.014853,0.004951
104,2105.81,0.00036,0.55339,0.00337,0.29928,0,0.57467,0.56538,0.55512,0.39923,0.02513,0.15852,0.01599,0.03578,0.00038,1.28325,0.00371,0.32405,0.00014,0.0147045,0.0049015,0.0147045,0.0049015,0.0147045,0.0049015,0.0147045,0.0049015
105,2125.55,0.00036,0.54909,0.00336,0.2983,0,0.57506,0.5608,0.553,0.39841,0.02886,0.17451,0.01857,0.03822,0.00038,1.28662,0.0037,0.32343,0.00014,0.014556,0.004852,0.014556,0.004852,0.014556,0.004852,0.014556,0.004852
106,2145.37,0.00037,0.54572,0.00333,0.29664,0,0.58798,0.54664,0.55147,0.39766,0.02827,0.18339,0.01831,0.03755,0.00038,1.30427,0.00369,0.32322,0.00014,0.0144075,0.0048025,0.0144075,0.0048025,0.0144075,0.0048025,0.0144075,0.0048025
107,2165.23,0.00036,0.53741,0.00335,0.29731,0,0.57397,0.55587,0.55258,0.39751,0.03006,0.19417,0.01945,0.03911,0.00038,1.28686,0.00372,0.32476,0.00014,0.014259,0.004753,0.014259,0.004753,0.014259,0.004753,0.014259,0.004753
108,2185.01,0.00036,0.53055,0.00333,0.29663,0,0.57641,0.56751,0.55348,0.3991,0.02896,0.18794,0.0188,0.03874,0.00038,1.30536,0.00371,0.32438,0.00014,0.0141105,0.0047035,0.0141105,0.0047035,0.0141105,0.0047035,0.0141105,0.0047035
109,2204.82,0.00036,0.5273,0.00332,0.29549,0,0.5864,0.56351,0.56031,0.40297,0.03062,0.18402,0.01961,0.03965,0.00038,1.31145,0.00371,0.32381,0.00014,0.013962,0.004654,0.013962,0.004654,0.013962,0.004654,0.013962,0.004654
110,2224.61,0.00036,0.51998,0.00329,0.29448,0,0.56846,0.57207,0.55819,0.40114,0.03045,0.18784,0.0195,0.03973,0.00038,1.30637,0.00372,0.32439,0.00014,0.0138135,0.0046045,0.0138135,0.0046045,0.0138135,0.0046045,0.0138135,0.0046045
111,2244.34,0.00037,0.51921,0.00329,0.29445,0,0.5714,0.56789,0.55823,0.40236,0.03337,0.19543,0.02154,0.04264,0.00038,1.3075,0.00372,0.32504,0.00014,0.013665,0.004555,0.013665,0.004555,0.013665,0.004555,0.013665,0.004555
112,2264.12,0.00036,0.51649,0.00328,0.29342,0,0.57304,0.56141,0.55209,0.39845,0.03333,0.19777,0.02143,0.04338,0.00037,1.32358,0.00371,0.32418,0.00014,0.0135165,0.0045055,0.0135165,0.0045055,0.0135165,0.0045055,0.0135165,0.0045055
113,2283.88,0.00034,0.50843,0.00327,0.29251,0,0.58674,0.54516,0.55133,0.39673,0.03013,0.18133,0.01918,0.04141,0.00036,1.34079,0.00372,0.32541,0.00014,0.013368,0.004456,0.013368,0.004456,0.013368,0.004456,0.013368,0.004456
114,2303.68,0.00035,0.5089,0.00327,0.29172,0,0.58154,0.56308,0.56171,0.40354,0.029,0.18406,0.01865,0.04028,0.00036,1.33743,0.00371,0.3246,0.00014,0.0132195,0.0044065,0.0132195,0.0044065,0.0132195,0.0044065,0.0132195,0.0044065
115,2323.48,0.00035,0.50544,0.00326,0.29156,0,0.58234,0.55824,0.55393,0.39859,0.03215,0.19348,0.02062,0.04167,0.00037,1.32757,0.00372,0.32504,0.00014,0.013071,0.004357,0.013071,0.004357,0.013071,0.004357,0.013071,0.004357
116,2343.16,0.00035,0.49762,0.00323,0.28925,0,0.58802,0.56491,0.56129,0.40356,0.03089,0.17645,0.01959,0.04239,0.00036,1.36543,0.00372,0.3252,0.00014,0.0129225,0.0043075,0.0129225,0.0043075,0.0129225,0.0043075,0.0129225,0.0043075
117,2363.03,0.00034,0.48986,0.00322,0.28906,0,0.57572,0.56178,0.55511,0.39853,0.0323,0.18588,0.0203,0.04222,0.00036,1.36293,0.00372,0.32569,0.00014,0.012774,0.004258,0.012774,0.004258,0.012774,0.004258,0.012774,0.004258
118,2382.7,0.00034,0.48865,0.00322,0.28891,0,0.57142,0.57245,0.55838,0.40165,0.03057,0.17471,0.01926,0.04167,0.00036,1.35155,0.00374,0.32612,0.00014,0.0126255,0.0042085,0.0126255,0.0042085,0.0126255,0.0042085,0.0126255,0.0042085
119,2402.45,0.00033,0.48716,0.00322,0.28868,0,0.58582,0.56155,0.56014,0.40257,0.02986,0.17065,0.01864,0.0414,0.00035,1.36481,0.00373,0.32519,0.00014,0.012477,0.004159,0.012477,0.004159,0.012477,0.004159,0.012477,0.004159
120,2422.12,0.00034,0.48682,0.00321,0.28781,0,0.57666,0.5699,0.55622,0.39965,0.03185,0.18208,0.02003,0.04204,0.00036,1.35366,0.00373,0.32565,0.00014,0.0123285,0.0041095,0.0123285,0.0041095,0.0123285,0.0041095,0.0123285,0.0041095
121,2441.82,0.00034,0.48171,0.0032,0.28749,0,0.58302,0.56346,0.55841,0.40219,0.0304,0.16932,0.01888,0.04286,0.00035,1.36191,0.00373,0.32558,0.00014,0.01218,0.00406,0.01218,0.00406,0.01218,0.00406,0.01218,0.00406
122,2461.48,0.00033,0.47151,0.00318,0.28551,0,0.57029,0.5654,0.55314,0.3983,0.03015,0.16819,0.01916,0.04079,0.00036,1.37479,0.00374,0.32633,0.00014,0.0120315,0.0040105,0.0120315,0.0040105,0.0120315,0.0040105,0.0120315,0.0040105
123,2481.49,0.00034,0.46918,0.00316,0.28439,0,0.5836,0.55658,0.55351,0.39783,0.0312,0.17658,0.01956,0.04248,0.00036,1.3867,0.00374,0.32653,0.00014,0.011883,0.003961,0.011883,0.003961,0.011883,0.003961,0.011883,0.003961
124,2501.15,0.00034,0.46639,0.00316,0.28443,0,0.56848,0.57425,0.55906,0.40249,0.03268,0.17625,0.02035,0.04312,0.00036,1.39408,0.00374,0.32642,0.00014,0.0117345,0.0039115,0.0117345,0.0039115,0.0117345,0.0039115,0.0117345,0.0039115
125,2520.8,0.00033,0.46215,0.00317,0.28474,0,0.59121,0.55389,0.55521,0.39888,0.03248,0.18028,0.02015,0.04366,0.00035,1.41562,0.00374,0.32647,0.00014,0.011586,0.003862,0.011586,0.003862,0.011586,0.003862,0.011586,0.003862
126,2540.51,0.00033,0.45518,0.00314,0.28281,0,0.58364,0.56516,0.5587,0.40131,0.03153,0.1775,0.01969,0.04165,0.00036,1.39832,0.00374,0.32632,0.00014,0.0114375,0.0038125,0.0114375,0.0038125,0.0114375,0.0038125,0.0114375,0.0038125
127,2560.26,0.00034,0.4564,0.00314,0.28244,0,0.59198,0.55615,0.55997,0.40141,0.03203,0.18277,0.02015,0.04326,0.00036,1.40714,0.00374,0.32648,0.00014,0.011289,0.003763,0.011289,0.003763,0.011289,0.003763,0.011289,0.003763
128,2580.01,0.00033,0.44888,0.00312,0.28095,0,0.58575,0.55936,0.55936,0.40241,0.0342,0.18024,0.02118,0.04631,0.00035,1.41815,0.00375,0.32675,0.00014,0.0111405,0.0037135,0.0111405,0.0037135,0.0111405,0.0037135,0.0111405,0.0037135
129,2599.67,0.00034,0.4481,0.00311,0.28059,0,0.58462,0.55402,0.55609,0.3995,0.033,0.18143,0.02057,0.04471,0.00036,1.43133,0.00375,0.32767,0.00014,0.010992,0.003664,0.010992,0.003664,0.010992,0.003664,0.010992,0.003664
130,2619.31,0.00035,0.44122,0.0031,0.27976,0,0.57633,0.56253,0.55184,0.39605,0.0364,0.18815,0.02287,0.04654,0.00037,1.44397,0.00377,0.32822,0.00014,0.0108435,0.0036145,0.0108435,0.0036145,0.0108435,0.0036145,0.0108435,0.0036145
131,2639.03,0.00034,0.43703,0.00309,0.27869,0,0.58624,0.55465,0.55391,0.39799,0.03259,0.17463,0.02028,0.04365,0.00036,1.4405,0.00377,0.32835,0.00014,0.010695,0.003565,0.010695,0.003565,0.010695,0.003565,0.010695,0.003565
132,2658.61,0.00034,0.43425,0.00308,0.27759,0,0.57936,0.56884,0.55789,0.40032,0.03451,0.18319,0.02153,0.04539,0.00036,1.44278,0.00377,0.32818,0.00014,0.0105465,0.0035155,0.0105465,0.0035155,0.0105465,0.0035155,0.0105465,0.0035155
133,2678.22,0.00035,0.42993,0.00307,0.27675,0,0.58781,0.55738,0.5571,0.39944,0.03499,0.1838,0.02232,0.04465,0.00037,1.44071,0.00377,0.32872,0.00014,0.010398,0.003466,0.010398,0.003466,0.010398,0.003466,0.010398,0.003466
134,2697.91,0.00036,0.43117,0.00304,0.27547,0,0.58801,0.5614,0.55803,0.39882,0.03516,0.18722,0.02305,0.04595,0.00038,1.45776,0.00378,0.32883,0.00014,0.0102495,0.0034165,0.0102495,0.0034165,0.0102495,0.0034165,0.0102495,0.0034165
135,2717.56,0.00035,0.42762,0.00305,0.27537,0,0.58998,0.5553,0.55601,0.39871,0.03456,0.17979,0.0217,0.04495,0.00037,1.46181,0.00377,0.32882,0.00014,0.010101,0.003367,0.010101,0.003367,0.010101,0.003367,0.010101,0.003367
136,2737.18,0.00036,0.42308,0.00304,0.2749,0,0.58866,0.55515,0.55553,0.3986,0.0367,0.18652,0.02339,0.04652,0.00038,1.46677,0.00378,0.32907,0.00014,0.0099525,0.0033175,0.0099525,0.0033175,0.0099525,0.0033175,0.0099525,0.0033175
137,2756.8,0.00035,0.41952,0.00303,0.27444,0,0.58635,0.55578,0.55247,0.39652,0.03412,0.17678,0.02115,0.04412,0.00037,1.4699,0.00378,0.32944,0.00014,0.009804,0.003268,0.009804,0.003268,0.009804,0.003268,0.009804,0.003268
138,2776.46,0.00036,0.41455,0.00301,0.27244,0,0.58222,0.56302,0.55485,0.39722,0.0342,0.17776,0.02123,0.04437,0.00038,1.4826,0.00378,0.32982,0.00014,0.0096555,0.0032185,0.0096555,0.0032185,0.0096555,0.0032185,0.0096555,0.0032185
139,2796.14,0.00035,0.41619,0.003,0.27168,0,0.58856,0.56108,0.55716,0.39946,0.03447,0.17406,0.02148,0.04578,0.00037,1.47878,0.00379,0.32989,0.00014,0.009507,0.003169,0.009507,0.003169,0.009507,0.003169,0.009507,0.003169
140,2815.74,0.00034,0.40915,0.00299,0.27186,0,0.59451,0.55679,0.55735,0.39953,0.03309,0.16421,0.02036,0.04559,0.00036,1.48517,0.00378,0.33016,0.00014,0.0093585,0.0031195,0.0093585,0.0031195,0.0093585,0.0031195,0.0093585,0.0031195
141,2835.28,0.00033,0.40792,0.00299,0.27158,0,0.59196,0.55878,0.55623,0.39881,0.03505,0.17118,0.02179,0.04661,0.00036,1.4997,0.00379,0.33059,0.00014,0.00921,0.00307,0.00921,0.00307,0.00921,0.00307,0.00921,0.00307
142,2854.84,0.00035,0.40293,0.00298,0.27059,0,0.60357,0.54466,0.55756,0.39949,0.03704,0.18189,0.02282,0.0474,0.00037,1.4925,0.00379,0.33019,0.00014,0.0090615,0.0030205,0.0090615,0.0030205,0.0090615,0.0030205,0.0090615,0.0030205
143,2874.38,0.00034,0.40027,0.00296,0.26876,0,0.59786,0.54761,0.555,0.3974,0.03662,0.1783,0.02257,0.04689,0.00037,1.50168,0.0038,0.33082,0.00014,0.008913,0.002971,0.008913,0.002971,0.008913,0.002971,0.008913,0.002971
144,2893.92,0.00034,0.39731,0.00296,0.26874,0,0.59958,0.55197,0.55761,0.39925,0.03747,0.18379,0.02325,0.04964,0.00036,1.49675,0.00379,0.33029,0.00014,0.0087645,0.0029215,0.0087645,0.0029215,0.0087645,0.0029215,0.0087645,0.0029215
145,2913.48,0.00033,0.39434,0.00296,0.26842,0,0.59275,0.55216,0.55521,0.39807,0.03643,0.17424,0.02224,0.04692,0.00036,1.51662,0.0038,0.33059,0.00014,0.008616,0.002872,0.008616,0.002872,0.008616,0.002872,0.008616,0.002872
146,2933.03,0.00034,0.39206,0.00293,0.26684,0,0.5843,0.55691,0.55488,0.39822,0.03679,0.17585,0.02251,0.04624,0.00037,1.53119,0.00379,0.33046,0.00014,0.0084675,0.0028225,0.0084675,0.0028225,0.0084675,0.0028225,0.0084675,0.0028225
147,2952.57,0.00034,0.39199,0.00292,0.26639,0,0.59174,0.54912,0.55613,0.39844,0.03655,0.17254,0.02239,0.04554,0.00037,1.52943,0.0038,0.33073,0.00014,0.008319,0.002773,0.008319,0.002773,0.008319,0.002773,0.008319,0.002773
148,2972.11,0.00035,0.38495,0.00292,0.26593,0,0.60774,0.53734,0.55461,0.39721,0.03651,0.17388,0.02247,0.04651,0.00037,1.5407,0.00381,0.3315,0.00014,0.0081705,0.0027235,0.0081705,0.0027235,0.0081705,0.0027235,0.0081705,0.0027235
149,2991.65,0.00035,0.38671,0.0029,0.26478,0,0.59088,0.55698,0.55431,0.3967,0.03466,0.16396,0.02159,0.04679,0.00037,1.55683,0.00381,0.33131,0.00014,0.008022,0.002674,0.008022,0.002674,0.008022,0.002674,0.008022,0.002674
150,3011.16,0.00034,0.37935,0.00289,0.26374,0,0.58943,0.55503,0.55034,0.39434,0.03569,0.16588,0.0226,0.04745,0.00037,1.56117,0.00382,0.33224,0.00014,0.0078735,0.0026245,0.0078735,0.0026245,0.0078735,0.0026245,0.0078735,0.0026245
151,3030.66,0.00034,0.3784,0.00289,0.26335,0,0.59218,0.55299,0.55245,0.39559,0.03689,0.17101,0.02274,0.04815,0.00036,1.56041,0.00382,0.33216,0.00014,0.007725,0.002575,0.007725,0.002575,0.007725,0.002575,0.007725,0.002575
152,3050.29,0.00033,0.37837,0.00288,0.2625,0,0.59169,0.55859,0.55563,0.3973,0.03618,0.17004,0.02219,0.04824,0.00036,1.54825,0.00382,0.33194,0.00014,0.0075765,0.0025255,0.0075765,0.0025255,0.0075765,0.0025255,0.0075765,0.0025255
153,3069.84,0.00033,0.3743,0.00287,0.26184,0,0.58896,0.56515,0.55682,0.39833,0.03545,0.16532,0.02179,0.04775,0.00036,1.56496,0.00382,0.33218,0.00014,0.007428,0.002476,0.007428,0.002476,0.007428,0.002476,0.007428,0.002476
154,3089.39,0.00033,0.36983,0.00286,0.26141,0,0.60176,0.54944,0.55406,0.39618,0.03633,0.16592,0.02288,0.04881,0.00036,1.57957,0.00383,0.3324,0.00014,0.0072795,0.0024265,0.0072795,0.0024265,0.0072795,0.0024265,0.0072795,0.0024265
155,3108.93,0.00033,0.36736,0.00285,0.25971,0,0.60597,0.54397,0.55549,0.39715,0.03565,0.16267,0.02196,0.04802,0.00036,1.57909,0.00383,0.33302,0.00014,0.007131,0.002377,0.007131,0.002377,0.007131,0.002377,0.007131,0.002377
156,3128.46,0.00033,0.36669,0.00283,0.25897,0,0.59432,0.55092,0.55294,0.396,0.03708,0.16583,0.0227,0.04889,0.00036,1.59546,0.00383,0.33325,0.00014,0.0069825,0.0023275,0.0069825,0.0023275,0.0069825,0.0023275,0.0069825,0.0023275
157,3147.99,0.00032,0.36542,0.00283,0.25873,0,0.59368,0.55271,0.55283,0.39579,0.0352,0.15996,0.02132,0.04821,0.00035,1.60196,0.00384,0.33356,0.00014,0.006834,0.002278,0.006834,0.002278,0.006834,0.002278,0.006834,0.002278
158,3167.38,0.00034,0.36664,0.00282,0.25863,0,0.59218,0.55516,0.55295,0.39572,0.03587,0.16303,0.0219,0.04816,0.00036,1.60141,0.00383,0.33335,0.00014,0.0066855,0.0022285,0.0066855,0.0022285,0.0066855,0.0022285,0.0066855,0.0022285
159,3186.87,0.00034,0.36281,0.0028,0.25803,0,0.58437,0.55543,0.55225,0.39563,0.03767,0.16956,0.02286,0.0485,0.00037,1.59873,0.00384,0.33364,0.00014,0.006537,0.002179,0.006537,0.002179,0.006537,0.002179,0.006537,0.002179
160,3206.4,0.00034,0.36206,0.00281,0.25757,0,0.59094,0.56129,0.55554,0.39756,0.0375,0.16884,0.02277,0.04871,0.00037,1.59944,0.00384,0.3337,0.00015,0.0063885,0.0021295,0.0063885,0.0021295,0.0063885,0.0021295,0.0063885,0.0021295
161,3225.99,0.00034,0.3577,0.0028,0.25693,0,0.59182,0.55562,0.55519,0.39687,0.03772,0.16623,0.02272,0.04894,0.00037,1.60944,0.00384,0.33384,0.00014,0.00624,0.00208,0.00624,0.00208,0.00624,0.00208,0.00624,0.00208
162,3245.43,0.00034,0.354,0.00278,0.25616,0,0.59324,0.55642,0.55507,0.3971,0.03918,0.16838,0.02404,0.04986,0.00037,1.61746,0.00384,0.3346,0.00014,0.0060915,0.0020305,0.0060915,0.0020305,0.0060915,0.0020305,0.0060915,0.0020305
163,3264.87,0.00034,0.35157,0.00278,0.25478,0,0.59515,0.54956,0.55249,0.39612,0.03876,0.16939,0.02359,0.04911,0.00037,1.62015,0.00384,0.33423,0.00014,0.005943,0.001981,0.005943,0.001981,0.005943,0.001981,0.005943,0.001981
164,3284.35,0.00035,0.35363,0.00276,0.25398,0,0.5978,0.54819,0.55116,0.39543,0.03981,0.17226,0.02457,0.04985,0.00037,1.62487,0.00385,0.33452,0.00014,0.0057945,0.0019315,0.0057945,0.0019315,0.0057945,0.0019315,0.0057945,0.0019315
165,3303.87,0.00035,0.34998,0.00277,0.25413,0,0.60127,0.54719,0.55303,0.39615,0.03787,0.16423,0.02325,0.04784,0.00038,1.6225,0.00385,0.33462,0.00014,0.005646,0.001882,0.005646,0.001882,0.005646,0.001882,0.005646,0.001882
166,3323.44,0.00035,0.34923,0.00276,0.25371,0,0.59498,0.55039,0.55205,0.39589,0.03827,0.16452,0.02325,0.04794,0.00037,1.6148,0.00385,0.33437,0.00014,0.0054975,0.0018325,0.0054975,0.0018325,0.0054975,0.0018325,0.0054975,0.0018325
167,3342.91,0.00034,0.34465,0.00274,0.25213,0,0.59357,0.55412,0.55308,0.39631,0.0389,0.16263,0.02376,0.04822,0.00037,1.6278,0.00386,0.33512,0.00014,0.005349,0.001783,0.005349,0.001783,0.005349,0.001783,0.005349,0.001783
168,3362.45,0.00034,0.34595,0.00273,0.2517,0,0.58813,0.55399,0.55223,0.39545,0.03865,0.16352,0.0237,0.04983,0.00037,1.64657,0.00386,0.33555,0.00015,0.0052005,0.0017335,0.0052005,0.0017335,0.0052005,0.0017335,0.0052005,0.0017335
169,3381.96,0.00033,0.34306,0.00273,0.25149,0,0.58865,0.55245,0.54945,0.3935,0.03834,0.16388,0.02319,0.04954,0.00036,1.63891,0.00387,0.33588,0.00014,0.005052,0.001684,0.005052,0.001684,0.005052,0.001684,0.005052,0.001684
170,3401.38,0.00034,0.33944,0.00272,0.25051,0,0.58697,0.55495,0.553,0.39612,0.03919,0.16379,0.02371,0.05011,0.00036,1.64098,0.00387,0.33612,0.00014,0.0049035,0.0016345,0.0049035,0.0016345,0.0049035,0.0016345,0.0049035,0.0016345
171,3420.77,0.00034,0.33914,0.00271,0.25023,0,0.59359,0.54923,0.55187,0.39548,0.03922,0.16623,0.02416,0.04957,0.00036,1.63911,0.00387,0.33593,0.00015,0.004755,0.001585,0.004755,0.001585,0.004755,0.001585,0.004755,0.001585
172,3440.24,0.00034,0.33645,0.00271,0.24891,0,0.60023,0.54505,0.55108,0.39452,0.0379,0.16352,0.02381,0.04867,0.00037,1.64049,0.00387,0.33619,0.00015,0.0046065,0.0015355,0.0046065,0.0015355,0.0046065,0.0015355,0.0046065,0.0015355
173,3459.68,0.00034,0.33595,0.00271,0.24991,0,0.60104,0.54636,0.55293,0.39581,0.03774,0.15842,0.02357,0.04861,0.00037,1.64204,0.00387,0.3362,0.00015,0.004458,0.001486,0.004458,0.001486,0.004458,0.001486,0.004458,0.001486
